"pset";"nrep";"Choice_type";"cond";"experiment";"performance"
1;1;7;"BPV1";1;0.822222222222222
1;2;7;"BPV1";1;0.822222222222222
1;3;7;"BPV1";1;0.722222222222222
1;4;7;"BPV1";1;0.888888888888889
1;5;7;"BPV1";1;0.411111111111111
1;6;7;"BPV1";1;0.7
1;7;7;"BPV1";1;0.8
1;8;7;"BPV1";1;0.744444444444444
1;9;7;"BPV1";1;0.555555555555556
1;10;7;"BPV1";1;0.855555555555556
1;11;7;"BPV1";1;0.733333333333333
1;12;7;"BPV1";1;0.777777777777778
1;13;7;"BPV1";1;0.944444444444444
1;14;7;"BPV1";1;1
1;15;7;"BPV1";1;0.877777777777778
1;16;7;"BPV1";1;0.766666666666667
1;17;7;"BPV1";1;0.855555555555556
1;18;7;"BPV1";1;0.888888888888889
1;19;7;"BPV1";1;0.811111111111111
1;20;7;"BPV1";1;0.9
1;21;7;"BPV1";1;0.877777777777778
1;22;7;"BPV1";1;0.888888888888889
1;23;7;"BPV1";1;0.955555555555556
1;24;7;"BPV1";1;0.955555555555556
1;25;7;"BPV1";1;0.933333333333333
1;26;7;"BPV1";1;0.755555555555556
1;27;7;"BPV1";1;0.833333333333333
1;28;7;"BPV1";1;0.744444444444444
1;29;7;"BPV1";1;0.833333333333333
1;30;7;"BPV1";1;0.866666666666667
1;31;7;"BPV1";1;0.833333333333333
1;32;7;"BPV1";1;0.922222222222222
1;33;7;"BPV1";1;0.688888888888889
1;34;7;"BPV1";1;0.833333333333333
1;35;7;"BPV1";1;0.811111111111111
1;36;7;"BPV1";1;0.855555555555556
1;37;7;"BPV1";1;0.9
1;38;7;"BPV1";1;0.777777777777778
1;39;7;"BPV1";1;0.666666666666667
1;40;7;"BPV1";1;0.944444444444444
1;41;7;"BPV1";1;0.933333333333333
1;42;7;"BPV1";1;0.622222222222222
1;43;7;"BPV1";1;0.911111111111111
1;44;7;"BPV1";1;0.677777777777778
1;45;7;"BPV1";1;0.8
1;46;7;"BPV1";1;0.844444444444444
1;47;7;"BPV1";1;0.733333333333333
1;48;7;"BPV1";1;0.944444444444444
1;49;7;"BPV1";1;0.844444444444444
1;50;7;"BPV1";1;0.877777777777778
1;51;7;"BPV1";1;0.9
1;52;7;"BPV1";1;0.9
1;53;7;"BPV1";1;0.855555555555556
1;54;7;"BPV1";1;0.677777777777778
1;55;7;"BPV1";1;0.677777777777778
1;56;7;"BPV1";1;0.9
1;57;7;"BPV1";1;0.8
1;58;7;"BPV1";1;0.933333333333333
1;59;7;"BPV1";1;0.922222222222222
1;60;7;"BPV1";1;0.833333333333333
1;61;7;"BPV1";1;0.744444444444444
1;62;7;"BPV1";1;0.811111111111111
1;63;7;"BPV1";1;0.677777777777778
1;64;7;"BPV1";1;0.666666666666667
1;65;7;"BPV1";1;0.9
1;66;7;"BPV1";1;0.877777777777778
1;67;7;"BPV1";1;0.888888888888889
1;68;7;"BPV1";1;0.9
1;69;7;"BPV1";1;0.855555555555556
1;70;7;"BPV1";1;0.788888888888889
1;71;7;"BPV1";1;0.911111111111111
1;72;7;"BPV1";1;0.9
1;73;7;"BPV1";1;0.811111111111111
1;74;7;"BPV1";1;0.922222222222222
1;75;7;"BPV1";1;0.544444444444444
1;76;7;"BPV1";1;0.877777777777778
1;77;7;"BPV1";1;0.9
1;78;7;"BPV1";1;0.655555555555556
1;79;7;"BPV1";1;0.777777777777778
1;80;7;"BPV1";1;0.788888888888889
1;81;7;"BPV1";1;0.722222222222222
1;82;7;"BPV1";1;0.9
1;83;7;"BPV1";1;0.788888888888889
1;84;7;"BPV1";1;0.922222222222222
1;85;7;"BPV1";1;0.833333333333333
1;86;7;"BPV1";1;0.111111111111111
1;87;7;"BPV1";1;0.766666666666667
1;88;7;"BPV1";1;0.833333333333333
1;89;7;"BPV1";1;0.922222222222222
1;90;7;"BPV1";1;0.955555555555556
1;91;7;"BPV1";1;0.966666666666667
1;92;7;"BPV1";1;0.933333333333333
1;93;7;"BPV1";1;0.855555555555556
1;94;7;"BPV1";1;0.933333333333333
1;95;7;"BPV1";1;0.722222222222222
1;96;7;"BPV1";1;0.766666666666667
1;97;7;"BPV1";1;0.777777777777778
1;98;7;"BPV1";1;0.855555555555556
1;99;7;"BPV1";1;0.866666666666667
1;100;7;"BPV1";1;0.922222222222222
2;1;7;"BPV2";1;0.866666666666667
2;2;7;"BPV2";1;0.877777777777778
2;3;7;"BPV2";1;0.744444444444444
2;4;7;"BPV2";1;0.911111111111111
2;5;7;"BPV2";1;0.888888888888889
2;6;7;"BPV2";1;0.377777777777778
2;7;7;"BPV2";1;0.866666666666667
2;8;7;"BPV2";1;0.666666666666667
2;9;7;"BPV2";1;0.877777777777778
2;10;7;"BPV2";1;0.7
2;11;7;"BPV2";1;0.855555555555556
2;12;7;"BPV2";1;0.633333333333333
2;13;7;"BPV2";1;0.922222222222222
2;14;7;"BPV2";1;0.766666666666667
2;15;7;"BPV2";1;0.755555555555556
2;16;7;"BPV2";1;0.711111111111111
2;17;7;"BPV2";1;0.866666666666667
2;18;7;"BPV2";1;0.911111111111111
2;19;7;"BPV2";1;0.844444444444444
2;20;7;"BPV2";1;0.977777777777778
2;21;7;"BPV2";1;0.933333333333333
2;22;7;"BPV2";1;0.877777777777778
2;23;7;"BPV2";1;0.888888888888889
2;24;7;"BPV2";1;0.866666666666667
2;25;7;"BPV2";1;0.688888888888889
2;26;7;"BPV2";1;0.811111111111111
2;27;7;"BPV2";1;0.7
2;28;7;"BPV2";1;0.711111111111111
2;29;7;"BPV2";1;0.911111111111111
2;30;7;"BPV2";1;0.833333333333333
2;31;7;"BPV2";1;0.888888888888889
2;32;7;"BPV2";1;0.833333333333333
2;33;7;"BPV2";1;0.944444444444444
2;34;7;"BPV2";1;0.711111111111111
2;35;7;"BPV2";1;0.833333333333333
2;36;7;"BPV2";1;0.8
2;37;7;"BPV2";1;0.922222222222222
2;38;7;"BPV2";1;0.877777777777778
2;39;7;"BPV2";1;0.811111111111111
2;40;7;"BPV2";1;0.822222222222222
2;41;7;"BPV2";1;0.877777777777778
2;42;7;"BPV2";1;0.866666666666667
2;43;7;"BPV2";1;0.777777777777778
2;44;7;"BPV2";1;0.822222222222222
2;45;7;"BPV2";1;0.9
2;46;7;"BPV2";1;0.733333333333333
2;47;7;"BPV2";1;0.933333333333333
2;48;7;"BPV2";1;0.944444444444444
2;49;7;"BPV2";1;0.877777777777778
2;50;7;"BPV2";1;0.922222222222222
2;51;7;"BPV2";1;0.844444444444444
2;52;7;"BPV2";1;0.811111111111111
2;53;7;"BPV2";1;0.944444444444444
2;54;7;"BPV2";1;0.766666666666667
2;55;7;"BPV2";1;0.844444444444444
2;56;7;"BPV2";1;0.788888888888889
2;57;7;"BPV2";1;0.866666666666667
2;58;7;"BPV2";1;0.866666666666667
2;59;7;"BPV2";1;0.833333333333333
2;60;7;"BPV2";1;0.888888888888889
2;61;7;"BPV2";1;0.877777777777778
2;62;7;"BPV2";1;0.733333333333333
2;63;7;"BPV2";1;0.911111111111111
2;64;7;"BPV2";1;0.855555555555556
2;65;7;"BPV2";1;0.788888888888889
2;66;7;"BPV2";1;0.9
2;67;7;"BPV2";1;0.944444444444444
2;68;7;"BPV2";1;0.855555555555556
2;69;7;"BPV2";1;0.822222222222222
2;70;7;"BPV2";1;0.7
2;71;7;"BPV2";1;0.955555555555556
2;72;7;"BPV2";1;0
2;73;7;"BPV2";1;0.833333333333333
2;74;7;"BPV2";1;0.766666666666667
2;75;7;"BPV2";1;0.922222222222222
2;76;7;"BPV2";1;0.933333333333333
2;77;7;"BPV2";1;0.833333333333333
2;78;7;"BPV2";1;0.877777777777778
2;79;7;"BPV2";1;0.8
2;80;7;"BPV2";1;0.866666666666667
2;81;7;"BPV2";1;0.755555555555556
2;82;7;"BPV2";1;0.9
2;83;7;"BPV2";1;0.9
2;84;7;"BPV2";1;0.933333333333333
2;85;7;"BPV2";1;0.944444444444444
2;86;7;"BPV2";1;0.866666666666667
2;87;7;"BPV2";1;0.8
2;88;7;"BPV2";1;0.722222222222222
2;89;7;"BPV2";1;0.866666666666667
2;90;7;"BPV2";1;0.777777777777778
2;91;7;"BPV2";1;0.855555555555556
2;92;7;"BPV2";1;0.455555555555556
2;93;7;"BPV2";1;0.911111111111111
2;94;7;"BPV2";1;0.7
2;95;7;"BPV2";1;0.722222222222222
2;96;7;"BPV2";1;0.744444444444444
2;97;7;"BPV2";1;0.877777777777778
2;98;7;"BPV2";1;0.766666666666667
2;99;7;"BPV2";1;0.822222222222222
2;100;7;"BPV2";1;0.855555555555556
3;1;7;"BVP1";1;0.822222222222222
3;2;7;"BVP1";1;0.944444444444444
3;3;7;"BVP1";1;0.922222222222222
3;4;7;"BVP1";1;0.866666666666667
3;5;7;"BVP1";1;0.866666666666667
3;6;7;"BVP1";1;0.366666666666667
3;7;7;"BVP1";1;0.877777777777778
3;8;7;"BVP1";1;0.911111111111111
3;9;7;"BVP1";1;0.855555555555556
3;10;7;"BVP1";1;0.644444444444444
3;11;7;"BVP1";1;0.877777777777778
3;12;7;"BVP1";1;0.866666666666667
3;13;7;"BVP1";1;0.822222222222222
3;14;7;"BVP1";1;0.922222222222222
3;15;7;"BVP1";1;0.877777777777778
3;16;7;"BVP1";1;0.933333333333333
3;17;7;"BVP1";1;0.888888888888889
3;18;7;"BVP1";1;0.9
3;19;7;"BVP1";1;0.911111111111111
3;20;7;"BVP1";1;0.9
3;21;7;"BVP1";1;0.0777777777777778
3;22;7;"BVP1";1;0.9
3;23;7;"BVP1";1;0.9
3;24;7;"BVP1";1;0.933333333333333
3;25;7;"BVP1";1;0.933333333333333
3;26;7;"BVP1";1;0.888888888888889
3;27;7;"BVP1";1;0.866666666666667
3;28;7;"BVP1";1;0.911111111111111
3;29;7;"BVP1";1;0.688888888888889
3;30;7;"BVP1";1;0.677777777777778
3;31;7;"BVP1";1;0.855555555555556
3;32;7;"BVP1";1;0.888888888888889
3;33;7;"BVP1";1;0.811111111111111
3;34;7;"BVP1";1;0.877777777777778
3;35;7;"BVP1";1;0.822222222222222
3;36;7;"BVP1";1;0.966666666666667
3;37;7;"BVP1";1;0.866666666666667
3;38;7;"BVP1";1;0.877777777777778
3;39;7;"BVP1";1;0.1
3;40;7;"BVP1";1;0.888888888888889
3;41;7;"BVP1";1;0.833333333333333
3;42;7;"BVP1";1;0.855555555555556
3;43;7;"BVP1";1;0.877777777777778
3;44;7;"BVP1";1;0.877777777777778
3;45;7;"BVP1";1;0.0222222222222222
3;46;7;"BVP1";1;0.711111111111111
3;47;7;"BVP1";1;0.877777777777778
3;48;7;"BVP1";1;0.866666666666667
3;49;7;"BVP1";1;0.377777777777778
3;50;7;"BVP1";1;0.911111111111111
3;51;7;"BVP1";1;0.833333333333333
3;52;7;"BVP1";1;0.0444444444444444
3;53;7;"BVP1";1;0.788888888888889
3;54;7;"BVP1";1;0.888888888888889
3;55;7;"BVP1";1;0.677777777777778
3;56;7;"BVP1";1;0.0333333333333333
3;57;7;"BVP1";1;0.955555555555556
3;58;7;"BVP1";1;0.866666666666667
3;59;7;"BVP1";1;0.888888888888889
3;60;7;"BVP1";1;0.911111111111111
3;61;7;"BVP1";1;0.955555555555556
3;62;7;"BVP1";1;0.9
3;63;7;"BVP1";1;0.922222222222222
3;64;7;"BVP1";1;0.944444444444444
3;65;7;"BVP1";1;0.944444444444444
3;66;7;"BVP1";1;0.933333333333333
3;67;7;"BVP1";1;0.722222222222222
3;68;7;"BVP1";1;0.833333333333333
3;69;7;"BVP1";1;0.877777777777778
3;70;7;"BVP1";1;0.922222222222222
3;71;7;"BVP1";1;0.833333333333333
3;72;7;"BVP1";1;0.911111111111111
3;73;7;"BVP1";1;0.822222222222222
3;74;7;"BVP1";1;0.933333333333333
3;75;7;"BVP1";1;0.9
3;76;7;"BVP1";1;0.888888888888889
3;77;7;"BVP1";1;0.933333333333333
3;78;7;"BVP1";1;0.922222222222222
3;79;7;"BVP1";1;0.855555555555556
3;80;7;"BVP1";1;0.955555555555556
3;81;7;"BVP1";1;0.866666666666667
3;82;7;"BVP1";1;0.433333333333333
3;83;7;"BVP1";1;0.933333333333333
3;84;7;"BVP1";1;0.144444444444444
3;85;7;"BVP1";1;0.877777777777778
3;86;7;"BVP1";1;0.833333333333333
3;87;7;"BVP1";1;0.833333333333333
3;88;7;"BVP1";1;0.866666666666667
3;89;7;"BVP1";1;0.933333333333333
3;90;7;"BVP1";1;0.944444444444444
3;91;7;"BVP1";1;0.944444444444444
3;92;7;"BVP1";1;0.922222222222222
3;93;7;"BVP1";1;0.855555555555556
3;94;7;"BVP1";1;0.755555555555556
3;95;7;"BVP1";1;0.688888888888889
3;96;7;"BVP1";1;0.9
3;97;7;"BVP1";1;0.877777777777778
3;98;7;"BVP1";1;0.833333333333333
3;99;7;"BVP1";1;0.777777777777778
3;100;7;"BVP1";1;0.855555555555556
4;1;7;"BVP2";1;0.822222222222222
4;2;7;"BVP2";1;0.844444444444444
4;3;7;"BVP2";1;0.9
4;4;7;"BVP2";1;0.833333333333333
4;5;7;"BVP2";1;0.933333333333333
4;6;7;"BVP2";1;0.933333333333333
4;7;7;"BVP2";1;0.855555555555556
4;8;7;"BVP2";1;0.877777777777778
4;9;7;"BVP2";1;0.9
4;10;7;"BVP2";1;0.911111111111111
4;11;7;"BVP2";1;0.877777777777778
4;12;7;"BVP2";1;0.966666666666667
4;13;7;"BVP2";1;0.911111111111111
4;14;7;"BVP2";1;0.855555555555556
4;15;7;"BVP2";1;0.8
4;16;7;"BVP2";1;0.9
4;17;7;"BVP2";1;0.788888888888889
4;18;7;"BVP2";1;0.866666666666667
4;19;7;"BVP2";1;0.9
4;20;7;"BVP2";1;0.877777777777778
4;21;7;"BVP2";1;0.855555555555556
4;22;7;"BVP2";1;0.888888888888889
4;23;7;"BVP2";1;0.844444444444444
4;24;7;"BVP2";1;0.855555555555556
4;25;7;"BVP2";1;0.844444444444444
4;26;7;"BVP2";1;0.866666666666667
4;27;7;"BVP2";1;0.866666666666667
4;28;7;"BVP2";1;0.888888888888889
4;29;7;"BVP2";1;0.844444444444444
4;30;7;"BVP2";1;0.911111111111111
4;31;7;"BVP2";1;0.844444444444444
4;32;7;"BVP2";1;0.877777777777778
4;33;7;"BVP2";1;0.922222222222222
4;34;7;"BVP2";1;0.855555555555556
4;35;7;"BVP2";1;0.877777777777778
4;36;7;"BVP2";1;0.922222222222222
4;37;7;"BVP2";1;0.877777777777778
4;38;7;"BVP2";1;0.911111111111111
4;39;7;"BVP2";1;0.877777777777778
4;40;7;"BVP2";1;0.866666666666667
4;41;7;"BVP2";1;0.955555555555556
4;42;7;"BVP2";1;0.866666666666667
4;43;7;"BVP2";1;0.766666666666667
4;44;7;"BVP2";1;0.866666666666667
4;45;7;"BVP2";1;0.844444444444444
4;46;7;"BVP2";1;0.866666666666667
4;47;7;"BVP2";1;0.866666666666667
4;48;7;"BVP2";1;0.866666666666667
4;49;7;"BVP2";1;0.888888888888889
4;50;7;"BVP2";1;0.877777777777778
4;51;7;"BVP2";1;0.944444444444444
4;52;7;"BVP2";1;0.9
4;53;7;"BVP2";1;0.888888888888889
4;54;7;"BVP2";1;0.888888888888889
4;55;7;"BVP2";1;0.933333333333333
4;56;7;"BVP2";1;0.9
4;57;7;"BVP2";1;0.855555555555556
4;58;7;"BVP2";1;0.9
4;59;7;"BVP2";1;0.866666666666667
4;60;7;"BVP2";1;0.855555555555556
4;61;7;"BVP2";1;0.911111111111111
4;62;7;"BVP2";1;0.955555555555556
4;63;7;"BVP2";1;0.933333333333333
4;64;7;"BVP2";1;0.811111111111111
4;65;7;"BVP2";1;0.9
4;66;7;"BVP2";1;0.877777777777778
4;67;7;"BVP2";1;0.922222222222222
4;68;7;"BVP2";1;0.888888888888889
4;69;7;"BVP2";1;0.911111111111111
4;70;7;"BVP2";1;0.888888888888889
4;71;7;"BVP2";1;0.811111111111111
4;72;7;"BVP2";1;0.822222222222222
4;73;7;"BVP2";1;0.877777777777778
4;74;7;"BVP2";1;0.888888888888889
4;75;7;"BVP2";1;0.922222222222222
4;76;7;"BVP2";1;0.877777777777778
4;77;7;"BVP2";1;0.922222222222222
4;78;7;"BVP2";1;0.888888888888889
4;79;7;"BVP2";1;0.844444444444444
4;80;7;"BVP2";1;0.822222222222222
4;81;7;"BVP2";1;0.877777777777778
4;82;7;"BVP2";1;0.9
4;83;7;"BVP2";1;0.888888888888889
4;84;7;"BVP2";1;0.866666666666667
4;85;7;"BVP2";1;0.922222222222222
4;86;7;"BVP2";1;0.966666666666667
4;87;7;"BVP2";1;0.911111111111111
4;88;7;"BVP2";1;0.855555555555556
4;89;7;"BVP2";1;0.877777777777778
4;90;7;"BVP2";1;0.855555555555556
4;91;7;"BVP2";1;0.855555555555556
4;92;7;"BVP2";1;0.844444444444444
4;93;7;"BVP2";1;0.933333333333333
4;94;7;"BVP2";1;0.811111111111111
4;95;7;"BVP2";1;0.844444444444444
4;96;7;"BVP2";1;0.911111111111111
4;97;7;"BVP2";1;0.866666666666667
4;98;7;"BVP2";1;0.9
4;99;7;"BVP2";1;0.877777777777778
4;100;7;"BVP2";1;0.922222222222222
5;1;7;"C";1;0.955555555555556
5;2;7;"C";1;0.877777777777778
5;3;7;"C";1;0.933333333333333
5;4;7;"C";1;0.911111111111111
5;5;7;"C";1;0.911111111111111
5;6;7;"C";1;0.911111111111111
5;7;7;"C";1;0.855555555555556
5;8;7;"C";1;1
5;9;7;"C";1;0.922222222222222
5;10;7;"C";1;0.911111111111111
5;11;7;"C";1;0.9
5;12;7;"C";1;0.933333333333333
5;13;7;"C";1;0.922222222222222
5;14;7;"C";1;0.922222222222222
5;15;7;"C";1;0.944444444444444
5;16;7;"C";1;0.944444444444444
5;17;7;"C";1;0.866666666666667
5;18;7;"C";1;0.9
5;19;7;"C";1;0.922222222222222
5;20;7;"C";1;0.9
5;21;7;"C";1;0.944444444444444
5;22;7;"C";1;0.877777777777778
5;23;7;"C";1;0.911111111111111
5;24;7;"C";1;0.922222222222222
5;25;7;"C";1;0.922222222222222
5;26;7;"C";1;0.866666666666667
5;27;7;"C";1;0.888888888888889
5;28;7;"C";1;0.9
5;29;7;"C";1;0.944444444444444
5;30;7;"C";1;0.0555555555555556
5;31;7;"C";1;0.933333333333333
5;32;7;"C";1;0.922222222222222
5;33;7;"C";1;0.888888888888889
5;34;7;"C";1;0.922222222222222
5;35;7;"C";1;0.877777777777778
5;36;7;"C";1;0.877777777777778
5;37;7;"C";1;0.877777777777778
5;38;7;"C";1;0.955555555555556
5;39;7;"C";1;0.933333333333333
5;40;7;"C";1;0.933333333333333
5;41;7;"C";1;0.922222222222222
5;42;7;"C";1;0.888888888888889
5;43;7;"C";1;0.888888888888889
5;44;7;"C";1;0.922222222222222
5;45;7;"C";1;0.955555555555556
5;46;7;"C";1;0.955555555555556
5;47;7;"C";1;0.9
5;48;7;"C";1;0.922222222222222
5;49;7;"C";1;0.888888888888889
5;50;7;"C";1;0.888888888888889
5;51;7;"C";1;0.877777777777778
5;52;7;"C";1;0.955555555555556
5;53;7;"C";1;0.922222222222222
5;54;7;"C";1;0.911111111111111
5;55;7;"C";1;0.877777777777778
5;56;7;"C";1;0.9
5;57;7;"C";1;0.866666666666667
5;58;7;"C";1;0.888888888888889
5;59;7;"C";1;0.955555555555556
5;60;7;"C";1;0.922222222222222
5;61;7;"C";1;0.944444444444444
5;62;7;"C";1;0.877777777777778
5;63;7;"C";1;0.933333333333333
5;64;7;"C";1;0.944444444444444
5;65;7;"C";1;0.911111111111111
5;66;7;"C";1;0.955555555555556
5;67;7;"C";1;0.855555555555556
5;68;7;"C";1;0.866666666666667
5;69;7;"C";1;0.888888888888889
5;70;7;"C";1;0.911111111111111
5;71;7;"C";1;0.911111111111111
5;72;7;"C";1;0.955555555555556
5;73;7;"C";1;0.9
5;74;7;"C";1;0.855555555555556
5;75;7;"C";1;0.955555555555556
5;76;7;"C";1;0.944444444444444
5;77;7;"C";1;0.888888888888889
5;78;7;"C";1;0.955555555555556
5;79;7;"C";1;0.911111111111111
5;80;7;"C";1;0.933333333333333
5;81;7;"C";1;0.911111111111111
5;82;7;"C";1;0.933333333333333
5;83;7;"C";1;0.866666666666667
5;84;7;"C";1;0.933333333333333
5;85;7;"C";1;0.966666666666667
5;86;7;"C";1;0.888888888888889
5;87;7;"C";1;0.877777777777778
5;88;7;"C";1;0.888888888888889
5;89;7;"C";1;0.922222222222222
5;90;7;"C";1;0.933333333333333
5;91;7;"C";1;0.966666666666667
5;92;7;"C";1;0.933333333333333
5;93;7;"C";1;0.877777777777778
5;94;7;"C";1;0.922222222222222
5;95;7;"C";1;0.922222222222222
5;96;7;"C";1;0.9
5;97;7;"C";1;0.955555555555556
5;98;7;"C";1;0.833333333333333
5;99;7;"C";1;0.933333333333333
5;100;7;"C";1;0.977777777777778
6;1;7;"I";1;0.711111111111111
6;2;7;"I";1;0.755555555555556
6;3;7;"I";1;0.7
6;4;7;"I";1;0.333333333333333
6;5;7;"I";1;0.877777777777778
6;6;7;"I";1;0.622222222222222
6;7;7;"I";1;0.477777777777778
6;8;7;"I";1;0.511111111111111
6;9;7;"I";1;0.344444444444444
6;10;7;"I";1;0.844444444444444
6;11;7;"I";1;0.0888888888888889
6;12;7;"I";1;0.822222222222222
6;13;7;"I";1;0.677777777777778
6;14;7;"I";1;0.577777777777778
6;15;7;"I";1;0.788888888888889
6;16;7;"I";1;0.788888888888889
6;17;7;"I";1;0.644444444444444
6;18;7;"I";1;0.444444444444444
6;19;7;"I";1;0.888888888888889
6;20;7;"I";1;0.355555555555556
6;21;7;"I";1;0.7
6;22;7;"I";1;0.766666666666667
6;23;7;"I";1;0.711111111111111
6;24;7;"I";1;0.766666666666667
6;25;7;"I";1;0.644444444444444
6;26;7;"I";1;0.8
6;27;7;"I";1;0.788888888888889
6;28;7;"I";1;0.733333333333333
6;29;7;"I";1;0.711111111111111
6;30;7;"I";1;0.655555555555556
6;31;7;"I";1;0.155555555555556
6;32;7;"I";1;0.588888888888889
6;33;7;"I";1;0.166666666666667
6;34;7;"I";1;0.444444444444444
6;35;7;"I";1;0.622222222222222
6;36;7;"I";1;0.788888888888889
6;37;7;"I";1;0
6;38;7;"I";1;0.0444444444444444
6;39;7;"I";1;0.655555555555556
6;40;7;"I";1;0.622222222222222
6;41;7;"I";1;0.744444444444444
6;42;7;"I";1;0.566666666666667
6;43;7;"I";1;0.411111111111111
6;44;7;"I";1;0.277777777777778
6;45;7;"I";1;0.822222222222222
6;46;7;"I";1;0.844444444444444
6;47;7;"I";1;0.188888888888889
6;48;7;"I";1;0.0222222222222222
6;49;7;"I";1;0.511111111111111
6;50;7;"I";1;0.766666666666667
6;51;7;"I";1;0.322222222222222
6;52;7;"I";1;0.177777777777778
6;53;7;"I";1;0.755555555555556
6;54;7;"I";1;0.833333333333333
6;55;7;"I";1;0.588888888888889
6;56;7;"I";1;0.333333333333333
6;57;7;"I";1;0.844444444444444
6;58;7;"I";1;0.0444444444444444
6;59;7;"I";1;0.311111111111111
6;60;7;"I";1;0.466666666666667
6;61;7;"I";1;0.822222222222222
6;62;7;"I";1;0.677777777777778
6;63;7;"I";1;0.633333333333333
6;64;7;"I";1;0.7
6;65;7;"I";1;0.688888888888889
6;66;7;"I";1;0.155555555555556
6;67;7;"I";1;0.711111111111111
6;68;7;"I";1;0.511111111111111
6;69;7;"I";1;0.577777777777778
6;70;7;"I";1;0.688888888888889
6;71;7;"I";1;0.544444444444444
6;72;7;"I";1;0.833333333333333
6;73;7;"I";1;0.677777777777778
6;74;7;"I";1;0.744444444444444
6;75;7;"I";1;0.244444444444444
6;76;7;"I";1;0.8
6;77;7;"I";1;0.922222222222222
6;78;7;"I";1;0.0666666666666667
6;79;7;"I";1;0.666666666666667
6;80;7;"I";1;0.766666666666667
6;81;7;"I";1;0.511111111111111
6;82;7;"I";1;0.855555555555556
6;83;7;"I";1;0.655555555555556
6;84;7;"I";1;0.377777777777778
6;85;7;"I";1;0.0111111111111111
6;86;7;"I";1;0.766666666666667
6;87;7;"I";1;0.688888888888889
6;88;7;"I";1;0.311111111111111
6;89;7;"I";1;0.544444444444444
6;90;7;"I";1;0.833333333333333
6;91;7;"I";1;0.6
6;92;7;"I";1;0.177777777777778
6;93;7;"I";1;0.822222222222222
6;94;7;"I";1;0.4
6;95;7;"I";1;0.4
6;96;7;"I";1;0.7
6;97;7;"I";1;0.588888888888889
6;98;7;"I";1;0.822222222222222
6;99;7;"I";1;0.7
6;100;7;"I";1;0.711111111111111
7;1;7;"BPV1";2;0.888888888888889
7;2;7;"BPV1";2;0.944444444444444
7;3;7;"BPV1";2;0.866666666666667
7;4;7;"BPV1";2;0.833333333333333
7;5;7;"BPV1";2;0.8
7;6;7;"BPV1";2;0.888888888888889
7;7;7;"BPV1";2;0.877777777777778
7;8;7;"BPV1";2;0.9
7;9;7;"BPV1";2;0.911111111111111
7;10;7;"BPV1";2;0.844444444444444
7;11;7;"BPV1";2;0.9
7;12;7;"BPV1";2;0.955555555555556
7;13;7;"BPV1";2;0.944444444444444
7;14;7;"BPV1";2;0.888888888888889
7;15;7;"BPV1";2;0.911111111111111
7;16;7;"BPV1";2;0.866666666666667
7;17;7;"BPV1";2;0.866666666666667
7;18;7;"BPV1";2;0.911111111111111
7;19;7;"BPV1";2;0.866666666666667
7;20;7;"BPV1";2;0.911111111111111
7;21;7;"BPV1";2;0.911111111111111
7;22;7;"BPV1";2;0.944444444444444
7;23;7;"BPV1";2;0.922222222222222
7;24;7;"BPV1";2;0.866666666666667
7;25;7;"BPV1";2;0.833333333333333
7;26;7;"BPV1";2;0.888888888888889
7;27;7;"BPV1";2;0.855555555555556
7;28;7;"BPV1";2;0.933333333333333
7;29;7;"BPV1";2;0.866666666666667
7;30;7;"BPV1";2;0.866666666666667
7;31;7;"BPV1";2;0.933333333333333
7;32;7;"BPV1";2;0.877777777777778
7;33;7;"BPV1";2;0.922222222222222
7;34;7;"BPV1";2;0.911111111111111
7;35;7;"BPV1";2;0.9
7;36;7;"BPV1";2;0.855555555555556
7;37;7;"BPV1";2;0.911111111111111
7;38;7;"BPV1";2;0.911111111111111
7;39;7;"BPV1";2;0.933333333333333
7;40;7;"BPV1";2;0.877777777777778
7;41;7;"BPV1";2;0.944444444444444
7;42;7;"BPV1";2;0.777777777777778
7;43;7;"BPV1";2;0.955555555555556
7;44;7;"BPV1";2;0.933333333333333
7;45;7;"BPV1";2;0.877777777777778
7;46;7;"BPV1";2;0.888888888888889
7;47;7;"BPV1";2;0.822222222222222
7;48;7;"BPV1";2;0.888888888888889
7;49;7;"BPV1";2;0.922222222222222
7;50;7;"BPV1";2;0.888888888888889
7;51;7;"BPV1";2;0.944444444444444
7;52;7;"BPV1";2;0.866666666666667
7;53;7;"BPV1";2;0.888888888888889
7;54;7;"BPV1";2;0.955555555555556
7;55;7;"BPV1";2;0.922222222222222
7;56;7;"BPV1";2;0.933333333333333
7;57;7;"BPV1";2;0.833333333333333
7;58;7;"BPV1";2;0.855555555555556
7;59;7;"BPV1";2;0.877777777777778
7;60;7;"BPV1";2;0.933333333333333
7;61;7;"BPV1";2;0.944444444444444
7;62;7;"BPV1";2;0.811111111111111
7;63;7;"BPV1";2;0.955555555555556
7;64;7;"BPV1";2;0.822222222222222
7;65;7;"BPV1";2;0.922222222222222
7;66;7;"BPV1";2;0.955555555555556
7;67;7;"BPV1";2;0.877777777777778
7;68;7;"BPV1";2;0.733333333333333
7;69;7;"BPV1";2;0.944444444444444
7;70;7;"BPV1";2;0.911111111111111
7;71;7;"BPV1";2;0.9
7;72;7;"BPV1";2;0.911111111111111
7;73;7;"BPV1";2;0.944444444444444
7;74;7;"BPV1";2;0.9
7;75;7;"BPV1";2;0.944444444444444
7;76;7;"BPV1";2;0.9
7;77;7;"BPV1";2;0.866666666666667
7;78;7;"BPV1";2;0.888888888888889
7;79;7;"BPV1";2;0.922222222222222
7;80;7;"BPV1";2;0.888888888888889
7;81;7;"BPV1";2;0.744444444444444
7;82;7;"BPV1";2;0.944444444444444
7;83;7;"BPV1";2;0.9
7;84;7;"BPV1";2;0.855555555555556
7;85;7;"BPV1";2;0.933333333333333
7;86;7;"BPV1";2;0.933333333333333
7;87;7;"BPV1";2;0.877777777777778
7;88;7;"BPV1";2;0.944444444444444
7;89;7;"BPV1";2;0.933333333333333
7;90;7;"BPV1";2;0.844444444444444
7;91;7;"BPV1";2;0.944444444444444
7;92;7;"BPV1";2;0.922222222222222
7;93;7;"BPV1";2;0.855555555555556
7;94;7;"BPV1";2;0.933333333333333
7;95;7;"BPV1";2;0.788888888888889
7;96;7;"BPV1";2;0.9
7;97;7;"BPV1";2;0.866666666666667
7;98;7;"BPV1";2;0.766666666666667
7;99;7;"BPV1";2;0.888888888888889
7;100;7;"BPV1";2;0.866666666666667
8;1;7;"BPV2";2;0.866666666666667
8;2;7;"BPV2";2;0.9
8;3;7;"BPV2";2;0.911111111111111
8;4;7;"BPV2";2;0.966666666666667
8;5;7;"BPV2";2;0.9
8;6;7;"BPV2";2;0.866666666666667
8;7;7;"BPV2";2;0.933333333333333
8;8;7;"BPV2";2;0.911111111111111
8;9;7;"BPV2";2;0.922222222222222
8;10;7;"BPV2";2;0.866666666666667
8;11;7;"BPV2";2;0.933333333333333
8;12;7;"BPV2";2;0.9
8;13;7;"BPV2";2;0.922222222222222
8;14;7;"BPV2";2;0.866666666666667
8;15;7;"BPV2";2;0.9
8;16;7;"BPV2";2;0.888888888888889
8;17;7;"BPV2";2;0.9
8;18;7;"BPV2";2;0.888888888888889
8;19;7;"BPV2";2;0.922222222222222
8;20;7;"BPV2";2;0.911111111111111
8;21;7;"BPV2";2;0.877777777777778
8;22;7;"BPV2";2;0.877777777777778
8;23;7;"BPV2";2;0.833333333333333
8;24;7;"BPV2";2;0.877777777777778
8;25;7;"BPV2";2;0.855555555555556
8;26;7;"BPV2";2;0.888888888888889
8;27;7;"BPV2";2;0.9
8;28;7;"BPV2";2;0.933333333333333
8;29;7;"BPV2";2;0.788888888888889
8;30;7;"BPV2";2;0.922222222222222
8;31;7;"BPV2";2;0.955555555555556
8;32;7;"BPV2";2;0.888888888888889
8;33;7;"BPV2";2;0.888888888888889
8;34;7;"BPV2";2;0.944444444444444
8;35;7;"BPV2";2;0.877777777777778
8;36;7;"BPV2";2;0.922222222222222
8;37;7;"BPV2";2;0.911111111111111
8;38;7;"BPV2";2;0.966666666666667
8;39;7;"BPV2";2;0.9
8;40;7;"BPV2";2;0.911111111111111
8;41;7;"BPV2";2;0.922222222222222
8;42;7;"BPV2";2;0.922222222222222
8;43;7;"BPV2";2;0.877777777777778
8;44;7;"BPV2";2;0.822222222222222
8;45;7;"BPV2";2;0.922222222222222
8;46;7;"BPV2";2;0.822222222222222
8;47;7;"BPV2";2;0.855555555555556
8;48;7;"BPV2";2;0.922222222222222
8;49;7;"BPV2";2;0.744444444444444
8;50;7;"BPV2";2;0.888888888888889
8;51;7;"BPV2";2;0.933333333333333
8;52;7;"BPV2";2;0.944444444444444
8;53;7;"BPV2";2;0.933333333333333
8;54;7;"BPV2";2;0.9
8;55;7;"BPV2";2;0.911111111111111
8;56;7;"BPV2";2;0.877777777777778
8;57;7;"BPV2";2;0.877777777777778
8;58;7;"BPV2";2;0.766666666666667
8;59;7;"BPV2";2;0.922222222222222
8;60;7;"BPV2";2;0.855555555555556
8;61;7;"BPV2";2;0.866666666666667
8;62;7;"BPV2";2;0.844444444444444
8;63;7;"BPV2";2;0.911111111111111
8;64;7;"BPV2";2;0.888888888888889
8;65;7;"BPV2";2;0.933333333333333
8;66;7;"BPV2";2;0.911111111111111
8;67;7;"BPV2";2;0.9
8;68;7;"BPV2";2;0.933333333333333
8;69;7;"BPV2";2;0.9
8;70;7;"BPV2";2;0.9
8;71;7;"BPV2";2;0.877777777777778
8;72;7;"BPV2";2;0.888888888888889
8;73;7;"BPV2";2;0.9
8;74;7;"BPV2";2;0.922222222222222
8;75;7;"BPV2";2;0.922222222222222
8;76;7;"BPV2";2;0.955555555555556
8;77;7;"BPV2";2;0.955555555555556
8;78;7;"BPV2";2;0.888888888888889
8;79;7;"BPV2";2;0.9
8;80;7;"BPV2";2;0.9
8;81;7;"BPV2";2;0.933333333333333
8;82;7;"BPV2";2;0.855555555555556
8;83;7;"BPV2";2;0.822222222222222
8;84;7;"BPV2";2;0.888888888888889
8;85;7;"BPV2";2;0.9
8;86;7;"BPV2";2;0.855555555555556
8;87;7;"BPV2";2;0.888888888888889
8;88;7;"BPV2";2;0.888888888888889
8;89;7;"BPV2";2;0.944444444444444
8;90;7;"BPV2";2;0.866666666666667
8;91;7;"BPV2";2;0.844444444444444
8;92;7;"BPV2";2;0.866666666666667
8;93;7;"BPV2";2;0.922222222222222
8;94;7;"BPV2";2;0.811111111111111
8;95;7;"BPV2";2;0.944444444444444
8;96;7;"BPV2";2;0.888888888888889
8;97;7;"BPV2";2;0.744444444444444
8;98;7;"BPV2";2;0.888888888888889
8;99;7;"BPV2";2;0.933333333333333
8;100;7;"BPV2";2;0.877777777777778
9;1;7;"BVP1";2;0.766666666666667
9;2;7;"BVP1";2;0.222222222222222
9;3;7;"BVP1";2;0.522222222222222
9;4;7;"BVP1";2;0.933333333333333
9;5;7;"BVP1";2;0.922222222222222
9;6;7;"BVP1";2;0.933333333333333
9;7;7;"BVP1";2;0.844444444444444
9;8;7;"BVP1";2;0.933333333333333
9;9;7;"BVP1";2;0.9
9;10;7;"BVP1";2;0.877777777777778
9;11;7;"BVP1";2;0.922222222222222
9;12;7;"BVP1";2;0.888888888888889
9;13;7;"BVP1";2;0.833333333333333
9;14;7;"BVP1";2;0.855555555555556
9;15;7;"BVP1";2;0.777777777777778
9;16;7;"BVP1";2;0.966666666666667
9;17;7;"BVP1";2;0.911111111111111
9;18;7;"BVP1";2;0.855555555555556
9;19;7;"BVP1";2;0.866666666666667
9;20;7;"BVP1";2;0.877777777777778
9;21;7;"BVP1";2;0.911111111111111
9;22;7;"BVP1";2;0.955555555555556
9;23;7;"BVP1";2;0.866666666666667
9;24;7;"BVP1";2;0.911111111111111
9;25;7;"BVP1";2;0.855555555555556
9;26;7;"BVP1";2;0.8
9;27;7;"BVP1";2;0.866666666666667
9;28;7;"BVP1";2;0.788888888888889
9;29;7;"BVP1";2;0.922222222222222
9;30;7;"BVP1";2;0.922222222222222
9;31;7;"BVP1";2;0.766666666666667
9;32;7;"BVP1";2;0.0888888888888889
9;33;7;"BVP1";2;0.855555555555556
9;34;7;"BVP1";2;0.922222222222222
9;35;7;"BVP1";2;0.2
9;36;7;"BVP1";2;0.933333333333333
9;37;7;"BVP1";2;0.411111111111111
9;38;7;"BVP1";2;0.833333333333333
9;39;7;"BVP1";2;0.722222222222222
9;40;7;"BVP1";2;0.9
9;41;7;"BVP1";2;0.955555555555556
9;42;7;"BVP1";2;0.788888888888889
9;43;7;"BVP1";2;0.877777777777778
9;44;7;"BVP1";2;0.9
9;45;7;"BVP1";2;0.955555555555556
9;46;7;"BVP1";2;0.833333333333333
9;47;7;"BVP1";2;0.933333333333333
9;48;7;"BVP1";2;0.888888888888889
9;49;7;"BVP1";2;0.844444444444444
9;50;7;"BVP1";2;0.855555555555556
9;51;7;"BVP1";2;0.844444444444444
9;52;7;"BVP1";2;0.811111111111111
9;53;7;"BVP1";2;0.9
9;54;7;"BVP1";2;0.877777777777778
9;55;7;"BVP1";2;0.922222222222222
9;56;7;"BVP1";2;0.7
9;57;7;"BVP1";2;0.933333333333333
9;58;7;"BVP1";2;0.788888888888889
9;59;7;"BVP1";2;0.866666666666667
9;60;7;"BVP1";2;0.922222222222222
9;61;7;"BVP1";2;0.888888888888889
9;62;7;"BVP1";2;0.888888888888889
9;63;7;"BVP1";2;0.4
9;64;7;"BVP1";2;0.911111111111111
9;65;7;"BVP1";2;0.855555555555556
9;66;7;"BVP1";2;0.922222222222222
9;67;7;"BVP1";2;0.855555555555556
9;68;7;"BVP1";2;0.933333333333333
9;69;7;"BVP1";2;0.922222222222222
9;70;7;"BVP1";2;0.855555555555556
9;71;7;"BVP1";2;0.877777777777778
9;72;7;"BVP1";2;0.955555555555556
9;73;7;"BVP1";2;0.922222222222222
9;74;7;"BVP1";2;0.0666666666666667
9;75;7;"BVP1";2;0.822222222222222
9;76;7;"BVP1";2;0.922222222222222
9;77;7;"BVP1";2;0.866666666666667
9;78;7;"BVP1";2;0.9
9;79;7;"BVP1";2;0.855555555555556
9;80;7;"BVP1";2;0.922222222222222
9;81;7;"BVP1";2;0.822222222222222
9;82;7;"BVP1";2;0.955555555555556
9;83;7;"BVP1";2;0.733333333333333
9;84;7;"BVP1";2;0.9
9;85;7;"BVP1";2;0.922222222222222
9;86;7;"BVP1";2;0.9
9;87;7;"BVP1";2;0.944444444444444
9;88;7;"BVP1";2;0.855555555555556
9;89;7;"BVP1";2;0.888888888888889
9;90;7;"BVP1";2;0.833333333333333
9;91;7;"BVP1";2;0.866666666666667
9;92;7;"BVP1";2;0.966666666666667
9;93;7;"BVP1";2;0.888888888888889
9;94;7;"BVP1";2;0.877777777777778
9;95;7;"BVP1";2;0.844444444444444
9;96;7;"BVP1";2;0.866666666666667
9;97;7;"BVP1";2;0.0555555555555556
9;98;7;"BVP1";2;0.833333333333333
9;99;7;"BVP1";2;0.922222222222222
9;100;7;"BVP1";2;0.844444444444444
10;1;7;"BVP2";2;0.944444444444444
10;2;7;"BVP2";2;0.866666666666667
10;3;7;"BVP2";2;0.855555555555556
10;4;7;"BVP2";2;0.844444444444444
10;5;7;"BVP2";2;0.855555555555556
10;6;7;"BVP2";2;0.844444444444444
10;7;7;"BVP2";2;0.9
10;8;7;"BVP2";2;0.911111111111111
10;9;7;"BVP2";2;0.844444444444444
10;10;7;"BVP2";2;0.9
10;11;7;"BVP2";2;0.9
10;12;7;"BVP2";2;0.9
10;13;7;"BVP2";2;0.9
10;14;7;"BVP2";2;0.833333333333333
10;15;7;"BVP2";2;0.9
10;16;7;"BVP2";2;0.888888888888889
10;17;7;"BVP2";2;0.877777777777778
10;18;7;"BVP2";2;0.877777777777778
10;19;7;"BVP2";2;0.866666666666667
10;20;7;"BVP2";2;0.844444444444444
10;21;7;"BVP2";2;0.888888888888889
10;22;7;"BVP2";2;0.877777777777778
10;23;7;"BVP2";2;0.944444444444444
10;24;7;"BVP2";2;0.888888888888889
10;25;7;"BVP2";2;0.8
10;26;7;"BVP2";2;0.888888888888889
10;27;7;"BVP2";2;0.866666666666667
10;28;7;"BVP2";2;0.866666666666667
10;29;7;"BVP2";2;0.911111111111111
10;30;7;"BVP2";2;0.844444444444444
10;31;7;"BVP2";2;0.8
10;32;7;"BVP2";2;0.877777777777778
10;33;7;"BVP2";2;0.922222222222222
10;34;7;"BVP2";2;0.833333333333333
10;35;7;"BVP2";2;0.911111111111111
10;36;7;"BVP2";2;0.888888888888889
10;37;7;"BVP2";2;0.922222222222222
10;38;7;"BVP2";2;0.8
10;39;7;"BVP2";2;0.9
10;40;7;"BVP2";2;0.855555555555556
10;41;7;"BVP2";2;0.9
10;42;7;"BVP2";2;0.944444444444444
10;43;7;"BVP2";2;0.9
10;44;7;"BVP2";2;0.877777777777778
10;45;7;"BVP2";2;0.877777777777778
10;46;7;"BVP2";2;0.9
10;47;7;"BVP2";2;0.888888888888889
10;48;7;"BVP2";2;0.911111111111111
10;49;7;"BVP2";2;0.8
10;50;7;"BVP2";2;0.877777777777778
10;51;7;"BVP2";2;0.822222222222222
10;52;7;"BVP2";2;0.9
10;53;7;"BVP2";2;0.855555555555556
10;54;7;"BVP2";2;0.888888888888889
10;55;7;"BVP2";2;0.855555555555556
10;56;7;"BVP2";2;0.933333333333333
10;57;7;"BVP2";2;0.877777777777778
10;58;7;"BVP2";2;0.877777777777778
10;59;7;"BVP2";2;0.877777777777778
10;60;7;"BVP2";2;0.888888888888889
10;61;7;"BVP2";2;0.877777777777778
10;62;7;"BVP2";2;0.877777777777778
10;63;7;"BVP2";2;0.866666666666667
10;64;7;"BVP2";2;0.922222222222222
10;65;7;"BVP2";2;0.888888888888889
10;66;7;"BVP2";2;0.877777777777778
10;67;7;"BVP2";2;0.9
10;68;7;"BVP2";2;0.811111111111111
10;69;7;"BVP2";2;0.833333333333333
10;70;7;"BVP2";2;0.911111111111111
10;71;7;"BVP2";2;0.855555555555556
10;72;7;"BVP2";2;0.833333333333333
10;73;7;"BVP2";2;0.877777777777778
10;74;7;"BVP2";2;0.855555555555556
10;75;7;"BVP2";2;0.911111111111111
10;76;7;"BVP2";2;0.911111111111111
10;77;7;"BVP2";2;0.833333333333333
10;78;7;"BVP2";2;0.988888888888889
10;79;7;"BVP2";2;0.855555555555556
10;80;7;"BVP2";2;0.933333333333333
10;81;7;"BVP2";2;0.866666666666667
10;82;7;"BVP2";2;0.911111111111111
10;83;7;"BVP2";2;0.833333333333333
10;84;7;"BVP2";2;0.933333333333333
10;85;7;"BVP2";2;0.866666666666667
10;86;7;"BVP2";2;0.855555555555556
10;87;7;"BVP2";2;0.8
10;88;7;"BVP2";2;0.888888888888889
10;89;7;"BVP2";2;0.877777777777778
10;90;7;"BVP2";2;0.855555555555556
10;91;7;"BVP2";2;0.888888888888889
10;92;7;"BVP2";2;0.911111111111111
10;93;7;"BVP2";2;0.933333333333333
10;94;7;"BVP2";2;0.866666666666667
10;95;7;"BVP2";2;0.866666666666667
10;96;7;"BVP2";2;0.877777777777778
10;97;7;"BVP2";2;0.9
10;98;7;"BVP2";2;0.811111111111111
10;99;7;"BVP2";2;0.866666666666667
10;100;7;"BVP2";2;0.855555555555556
11;1;7;"C";2;0.922222222222222
11;2;7;"C";2;0.922222222222222
11;3;7;"C";2;0.944444444444444
11;4;7;"C";2;0.877777777777778
11;5;7;"C";2;0.888888888888889
11;6;7;"C";2;0.888888888888889
11;7;7;"C";2;0.9
11;8;7;"C";2;0.944444444444444
11;9;7;"C";2;0.9
11;10;7;"C";2;0.9
11;11;7;"C";2;0.866666666666667
11;12;7;"C";2;0.944444444444444
11;13;7;"C";2;0.966666666666667
11;14;7;"C";2;0.911111111111111
11;15;7;"C";2;0.855555555555556
11;16;7;"C";2;0.855555555555556
11;17;7;"C";2;0.977777777777778
11;18;7;"C";2;0.933333333333333
11;19;7;"C";2;0.922222222222222
11;20;7;"C";2;0.9
11;21;7;"C";2;0.844444444444444
11;22;7;"C";2;0.911111111111111
11;23;7;"C";2;0.922222222222222
11;24;7;"C";2;0.955555555555556
11;25;7;"C";2;0.911111111111111
11;26;7;"C";2;0.9
11;27;7;"C";2;0.888888888888889
11;28;7;"C";2;0.933333333333333
11;29;7;"C";2;0.922222222222222
11;30;7;"C";2;0.933333333333333
11;31;7;"C";2;0.933333333333333
11;32;7;"C";2;0.955555555555556
11;33;7;"C";2;0.877777777777778
11;34;7;"C";2;0.944444444444444
11;35;7;"C";2;0.877777777777778
11;36;7;"C";2;0.955555555555556
11;37;7;"C";2;0.977777777777778
11;38;7;"C";2;0.933333333333333
11;39;7;"C";2;0.9
11;40;7;"C";2;0.922222222222222
11;41;7;"C";2;0.833333333333333
11;42;7;"C";2;0.922222222222222
11;43;7;"C";2;0.922222222222222
11;44;7;"C";2;0.933333333333333
11;45;7;"C";2;0.955555555555556
11;46;7;"C";2;0.9
11;47;7;"C";2;0.911111111111111
11;48;7;"C";2;0.9
11;49;7;"C";2;0.911111111111111
11;50;7;"C";2;0.966666666666667
11;51;7;"C";2;0.866666666666667
11;52;7;"C";2;0.877777777777778
11;53;7;"C";2;0.911111111111111
11;54;7;"C";2;0.911111111111111
11;55;7;"C";2;0.855555555555556
11;56;7;"C";2;0.944444444444444
11;57;7;"C";2;0.922222222222222
11;58;7;"C";2;0.9
11;59;7;"C";2;0.955555555555556
11;60;7;"C";2;0.977777777777778
11;61;7;"C";2;0.877777777777778
11;62;7;"C";2;0.977777777777778
11;63;7;"C";2;0.9
11;64;7;"C";2;0.855555555555556
11;65;7;"C";2;0.955555555555556
11;66;7;"C";2;0.855555555555556
11;67;7;"C";2;0.911111111111111
11;68;7;"C";2;0.911111111111111
11;69;7;"C";2;0.866666666666667
11;70;7;"C";2;0.933333333333333
11;71;7;"C";2;0.888888888888889
11;72;7;"C";2;0.922222222222222
11;73;7;"C";2;0.955555555555556
11;74;7;"C";2;0.911111111111111
11;75;7;"C";2;0.922222222222222
11;76;7;"C";2;0.9
11;77;7;"C";2;0.922222222222222
11;78;7;"C";2;0.877777777777778
11;79;7;"C";2;0.922222222222222
11;80;7;"C";2;0.877777777777778
11;81;7;"C";2;0.933333333333333
11;82;7;"C";2;0.933333333333333
11;83;7;"C";2;0.933333333333333
11;84;7;"C";2;0.955555555555556
11;85;7;"C";2;0.955555555555556
11;86;7;"C";2;0.944444444444444
11;87;7;"C";2;0.866666666666667
11;88;7;"C";2;0.922222222222222
11;89;7;"C";2;0.888888888888889
11;90;7;"C";2;0.9
11;91;7;"C";2;0.888888888888889
11;92;7;"C";2;0.9
11;93;7;"C";2;0.933333333333333
11;94;7;"C";2;0.922222222222222
11;95;7;"C";2;0.9
11;96;7;"C";2;0.922222222222222
11;97;7;"C";2;0.933333333333333
11;98;7;"C";2;0.911111111111111
11;99;7;"C";2;0.977777777777778
11;100;7;"C";2;0.944444444444444
12;1;7;"I";2;0.188888888888889
12;2;7;"I";2;0.433333333333333
12;3;7;"I";2;0.277777777777778
12;4;7;"I";2;0.566666666666667
12;5;7;"I";2;0.522222222222222
12;6;7;"I";2;0.233333333333333
12;7;7;"I";2;0.522222222222222
12;8;7;"I";2;0.488888888888889
12;9;7;"I";2;0.244444444444444
12;10;7;"I";2;0.1
12;11;7;"I";2;0.244444444444444
12;12;7;"I";2;0.222222222222222
12;13;7;"I";2;0.377777777777778
12;14;7;"I";2;0.611111111111111
12;15;7;"I";2;0.122222222222222
12;16;7;"I";2;0.277777777777778
12;17;7;"I";2;0.288888888888889
12;18;7;"I";2;0.366666666666667
12;19;7;"I";2;0.0888888888888889
12;20;7;"I";2;0.222222222222222
12;21;7;"I";2;0.0444444444444444
12;22;7;"I";2;0.2
12;23;7;"I";2;0.477777777777778
12;24;7;"I";2;0.411111111111111
12;25;7;"I";2;0.155555555555556
12;26;7;"I";2;0.0777777777777778
12;27;7;"I";2;0.288888888888889
12;28;7;"I";2;0.288888888888889
12;29;7;"I";2;0.4
12;30;7;"I";2;0.1
12;31;7;"I";2;0.444444444444444
12;32;7;"I";2;0.211111111111111
12;33;7;"I";2;0.466666666666667
12;34;7;"I";2;0.222222222222222
12;35;7;"I";2;0.455555555555556
12;36;7;"I";2;0.0888888888888889
12;37;7;"I";2;0.377777777777778
12;38;7;"I";2;0.344444444444444
12;39;7;"I";2;0.644444444444444
12;40;7;"I";2;0.0222222222222222
12;41;7;"I";2;0.233333333333333
12;42;7;"I";2;0.211111111111111
12;43;7;"I";2;0.244444444444444
12;44;7;"I";2;0.477777777777778
12;45;7;"I";2;0.0666666666666667
12;46;7;"I";2;0.111111111111111
12;47;7;"I";2;0.433333333333333
12;48;7;"I";2;0.411111111111111
12;49;7;"I";2;0.0666666666666667
12;50;7;"I";2;0.111111111111111
12;51;7;"I";2;0.766666666666667
12;52;7;"I";2;0.3
12;53;7;"I";2;0.222222222222222
12;54;7;"I";2;0.277777777777778
12;55;7;"I";2;0.466666666666667
12;56;7;"I";2;0.244444444444444
12;57;7;"I";2;0.0222222222222222
12;58;7;"I";2;0.255555555555556
12;59;7;"I";2;0.133333333333333
12;60;7;"I";2;0.511111111111111
12;61;7;"I";2;0.0666666666666667
12;62;7;"I";2;0.777777777777778
12;63;7;"I";2;0.122222222222222
12;64;7;"I";2;0.611111111111111
12;65;7;"I";2;0.588888888888889
12;66;7;"I";2;0.311111111111111
12;67;7;"I";2;0.466666666666667
12;68;7;"I";2;0.355555555555556
12;69;7;"I";2;0.555555555555556
12;70;7;"I";2;0.266666666666667
12;71;7;"I";2;0.155555555555556
12;72;7;"I";2;0.111111111111111
12;73;7;"I";2;0.288888888888889
12;74;7;"I";2;0.6
12;75;7;"I";2;0.244444444444444
12;76;7;"I";2;0.266666666666667
12;77;7;"I";2;0.188888888888889
12;78;7;"I";2;0.133333333333333
12;79;7;"I";2;0.4
12;80;7;"I";2;0.0888888888888889
12;81;7;"I";2;0.555555555555556
12;82;7;"I";2;0.0888888888888889
12;83;7;"I";2;0.644444444444444
12;84;7;"I";2;0.0888888888888889
12;85;7;"I";2;0.233333333333333
12;86;7;"I";2;0.5
12;87;7;"I";2;0.322222222222222
12;88;7;"I";2;0.155555555555556
12;89;7;"I";2;0.0888888888888889
12;90;7;"I";2;0.477777777777778
12;91;7;"I";2;0.133333333333333
12;92;7;"I";2;0.111111111111111
12;93;7;"I";2;0.322222222222222
12;94;7;"I";2;0.622222222222222
12;95;7;"I";2;0.188888888888889
12;96;7;"I";2;0.688888888888889
12;97;7;"I";2;0.611111111111111
12;98;7;"I";2;0.566666666666667
12;99;7;"I";2;0.411111111111111
12;100;7;"I";2;0.433333333333333
13;1;7;"PV1";3;0.777777777777778
13;2;7;"PV1";3;0.933333333333333
13;3;7;"PV1";3;0.833333333333333
13;4;7;"PV1";3;0.844444444444444
13;5;7;"PV1";3;0.744444444444444
13;6;7;"PV1";3;0.833333333333333
13;7;7;"PV1";3;0.922222222222222
13;8;7;"PV1";3;0.766666666666667
13;9;7;"PV1";3;0.866666666666667
13;10;7;"PV1";3;0.755555555555556
13;11;7;"PV1";3;0.766666666666667
13;12;7;"PV1";3;0.855555555555556
13;13;7;"PV1";3;0.755555555555556
13;14;7;"PV1";3;0.933333333333333
13;15;7;"PV1";3;0.8
13;16;7;"PV1";3;0.9
13;17;7;"PV1";3;0.8
13;18;7;"PV1";3;0.866666666666667
13;19;7;"PV1";3;0.922222222222222
13;20;7;"PV1";3;0.888888888888889
13;21;7;"PV1";3;0.788888888888889
13;22;7;"PV1";3;0.888888888888889
13;23;7;"PV1";3;0.666666666666667
13;24;7;"PV1";3;0.855555555555556
13;25;7;"PV1";3;0.755555555555556
13;26;7;"PV1";3;0.855555555555556
13;27;7;"PV1";3;0.911111111111111
13;28;7;"PV1";3;0.8
13;29;7;"PV1";3;0.866666666666667
13;30;7;"PV1";3;0.6
13;31;7;"PV1";3;0.855555555555556
13;32;7;"PV1";3;0.811111111111111
13;33;7;"PV1";3;0.844444444444444
13;34;7;"PV1";3;0.855555555555556
13;35;7;"PV1";3;0.866666666666667
13;36;7;"PV1";3;0.711111111111111
13;37;7;"PV1";3;0.822222222222222
13;38;7;"PV1";3;0.988888888888889
13;39;7;"PV1";3;0.888888888888889
13;40;7;"PV1";3;0.922222222222222
13;41;7;"PV1";3;0.888888888888889
13;42;7;"PV1";3;0.566666666666667
13;43;7;"PV1";3;0.888888888888889
13;44;7;"PV1";3;0.877777777777778
13;45;7;"PV1";3;0.9
13;46;7;"PV1";3;0.755555555555556
13;47;7;"PV1";3;0.755555555555556
13;48;7;"PV1";3;0.911111111111111
13;49;7;"PV1";3;0.777777777777778
13;50;7;"PV1";3;0.888888888888889
13;51;7;"PV1";3;0.877777777777778
13;52;7;"PV1";3;0.877777777777778
13;53;7;"PV1";3;0.755555555555556
13;54;7;"PV1";3;0.888888888888889
13;55;7;"PV1";3;0.822222222222222
13;56;7;"PV1";3;0.744444444444444
13;57;7;"PV1";3;0.822222222222222
13;58;7;"PV1";3;0.766666666666667
13;59;7;"PV1";3;0.9
13;60;7;"PV1";3;0.9
13;61;7;"PV1";3;0.677777777777778
13;62;7;"PV1";3;0.722222222222222
13;63;7;"PV1";3;0.9
13;64;7;"PV1";3;0.655555555555556
13;65;7;"PV1";3;0.866666666666667
13;66;7;"PV1";3;0.811111111111111
13;67;7;"PV1";3;0.877777777777778
13;68;7;"PV1";3;0.688888888888889
13;69;7;"PV1";3;0.8
13;70;7;"PV1";3;0.888888888888889
13;71;7;"PV1";3;0.555555555555556
13;72;7;"PV1";3;0.877777777777778
13;73;7;"PV1";3;0.855555555555556
13;74;7;"PV1";3;0.666666666666667
13;75;7;"PV1";3;0.722222222222222
13;76;7;"PV1";3;0.911111111111111
13;77;7;"PV1";3;0.755555555555556
13;78;7;"PV1";3;0.822222222222222
13;79;7;"PV1";3;0.866666666666667
13;80;7;"PV1";3;0.933333333333333
13;81;7;"PV1";3;0.911111111111111
13;82;7;"PV1";3;0.833333333333333
13;83;7;"PV1";3;0.933333333333333
13;84;7;"PV1";3;0.8
13;85;7;"PV1";3;0.688888888888889
13;86;7;"PV1";3;0.766666666666667
13;87;7;"PV1";3;0.822222222222222
13;88;7;"PV1";3;0.922222222222222
13;89;7;"PV1";3;0.966666666666667
13;90;7;"PV1";3;0.911111111111111
13;91;7;"PV1";3;0.877777777777778
13;92;7;"PV1";3;0.855555555555556
13;93;7;"PV1";3;0.911111111111111
13;94;7;"PV1";3;0.888888888888889
13;95;7;"PV1";3;0.566666666666667
13;96;7;"PV1";3;0.866666666666667
13;97;7;"PV1";3;0.777777777777778
13;98;7;"PV1";3;0.577777777777778
13;99;7;"PV1";3;0.744444444444444
13;100;7;"PV1";3;0.833333333333333
14;1;7;"PV2";3;0.677777777777778
14;2;7;"PV2";3;0.9
14;3;7;"PV2";3;0.855555555555556
14;4;7;"PV2";3;0.833333333333333
14;5;7;"PV2";3;0.644444444444444
14;6;7;"PV2";3;0.722222222222222
14;7;7;"PV2";3;0.555555555555556
14;8;7;"PV2";3;0.788888888888889
14;9;7;"PV2";3;0.822222222222222
14;10;7;"PV2";3;0.888888888888889
14;11;7;"PV2";3;0.866666666666667
14;12;7;"PV2";3;0.822222222222222
14;13;7;"PV2";3;0.9
14;14;7;"PV2";3;0.855555555555556
14;15;7;"PV2";3;0.777777777777778
14;16;7;"PV2";3;0.911111111111111
14;17;7;"PV2";3;0.822222222222222
14;18;7;"PV2";3;0.833333333333333
14;19;7;"PV2";3;0.911111111111111
14;20;7;"PV2";3;0.788888888888889
14;21;7;"PV2";3;0.922222222222222
14;22;7;"PV2";3;0.855555555555556
14;23;7;"PV2";3;0.777777777777778
14;24;7;"PV2";3;0.877777777777778
14;25;7;"PV2";3;0.8
14;26;7;"PV2";3;0.688888888888889
14;27;7;"PV2";3;0.877777777777778
14;28;7;"PV2";3;0.433333333333333
14;29;7;"PV2";3;0.833333333333333
14;30;7;"PV2";3;0.933333333333333
14;31;7;"PV2";3;0.811111111111111
14;32;7;"PV2";3;0.933333333333333
14;33;7;"PV2";3;0.866666666666667
14;34;7;"PV2";3;0.722222222222222
14;35;7;"PV2";3;0.833333333333333
14;36;7;"PV2";3;0.7
14;37;7;"PV2";3;0.811111111111111
14;38;7;"PV2";3;0.822222222222222
14;39;7;"PV2";3;0.822222222222222
14;40;7;"PV2";3;0.633333333333333
14;41;7;"PV2";3;0.911111111111111
14;42;7;"PV2";3;0.788888888888889
14;43;7;"PV2";3;0.833333333333333
14;44;7;"PV2";3;0.722222222222222
14;45;7;"PV2";3;0.566666666666667
14;46;7;"PV2";3;0.855555555555556
14;47;7;"PV2";3;0.8
14;48;7;"PV2";3;0.888888888888889
14;49;7;"PV2";3;0.844444444444444
14;50;7;"PV2";3;0.755555555555556
14;51;7;"PV2";3;0.844444444444444
14;52;7;"PV2";3;0.8
14;53;7;"PV2";3;0.755555555555556
14;54;7;"PV2";3;0.6
14;55;7;"PV2";3;0.644444444444444
14;56;7;"PV2";3;0.866666666666667
14;57;7;"PV2";3;0.766666666666667
14;58;7;"PV2";3;0.866666666666667
14;59;7;"PV2";3;0.833333333333333
14;60;7;"PV2";3;0.8
14;61;7;"PV2";3;0.744444444444444
14;62;7;"PV2";3;0.9
14;63;7;"PV2";3;0.744444444444444
14;64;7;"PV2";3;0.877777777777778
14;65;7;"PV2";3;0.777777777777778
14;66;7;"PV2";3;0.744444444444444
14;67;7;"PV2";3;0.844444444444444
14;68;7;"PV2";3;0.788888888888889
14;69;7;"PV2";3;0.933333333333333
14;70;7;"PV2";3;0.866666666666667
14;71;7;"PV2";3;0.933333333333333
14;72;7;"PV2";3;0.9
14;73;7;"PV2";3;0.766666666666667
14;74;7;"PV2";3;0.811111111111111
14;75;7;"PV2";3;0.911111111111111
14;76;7;"PV2";3;0.844444444444444
14;77;7;"PV2";3;0.877777777777778
14;78;7;"PV2";3;0.822222222222222
14;79;7;"PV2";3;0.788888888888889
14;80;7;"PV2";3;0.911111111111111
14;81;7;"PV2";3;0.9
14;82;7;"PV2";3;0.833333333333333
14;83;7;"PV2";3;0.933333333333333
14;84;7;"PV2";3;0.9
14;85;7;"PV2";3;0.822222222222222
14;86;7;"PV2";3;0.888888888888889
14;87;7;"PV2";3;0.666666666666667
14;88;7;"PV2";3;0.866666666666667
14;89;7;"PV2";3;0.833333333333333
14;90;7;"PV2";3;0.844444444444444
14;91;7;"PV2";3;0.788888888888889
14;92;7;"PV2";3;0.766666666666667
14;93;7;"PV2";3;0.766666666666667
14;94;7;"PV2";3;0.911111111111111
14;95;7;"PV2";3;0.788888888888889
14;96;7;"PV2";3;0.833333333333333
14;97;7;"PV2";3;0.811111111111111
14;98;7;"PV2";3;0.822222222222222
14;99;7;"PV2";3;0.755555555555556
14;100;7;"PV2";3;0.9
15;1;7;"PV3";3;0.877777777777778
15;2;7;"PV3";3;0.888888888888889
15;3;7;"PV3";3;0.922222222222222
15;4;7;"PV3";3;0.733333333333333
15;5;7;"PV3";3;0.888888888888889
15;6;7;"PV3";3;0.844444444444444
15;7;7;"PV3";3;0.866666666666667
15;8;7;"PV3";3;0.7
15;9;7;"PV3";3;0.933333333333333
15;10;7;"PV3";3;0.822222222222222
15;11;7;"PV3";3;0.833333333333333
15;12;7;"PV3";3;0.922222222222222
15;13;7;"PV3";3;0.933333333333333
15;14;7;"PV3";3;0.811111111111111
15;15;7;"PV3";3;0.922222222222222
15;16;7;"PV3";3;0.866666666666667
15;17;7;"PV3";3;0.855555555555556
15;18;7;"PV3";3;0.955555555555556
15;19;7;"PV3";3;0.888888888888889
15;20;7;"PV3";3;0.9
15;21;7;"PV3";3;0.888888888888889
15;22;7;"PV3";3;0.888888888888889
15;23;7;"PV3";3;0.877777777777778
15;24;7;"PV3";3;0.888888888888889
15;25;7;"PV3";3;0.866666666666667
15;26;7;"PV3";3;0.866666666666667
15;27;7;"PV3";3;0.955555555555556
15;28;7;"PV3";3;0.911111111111111
15;29;7;"PV3";3;0.766666666666667
15;30;7;"PV3";3;0.888888888888889
15;31;7;"PV3";3;0.933333333333333
15;32;7;"PV3";3;0.888888888888889
15;33;7;"PV3";3;0.777777777777778
15;34;7;"PV3";3;0.888888888888889
15;35;7;"PV3";3;0.7
15;36;7;"PV3";3;0.833333333333333
15;37;7;"PV3";3;0.766666666666667
15;38;7;"PV3";3;0.822222222222222
15;39;7;"PV3";3;0.944444444444444
15;40;7;"PV3";3;0.844444444444444
15;41;7;"PV3";3;0.888888888888889
15;42;7;"PV3";3;0.8
15;43;7;"PV3";3;0.877777777777778
15;44;7;"PV3";3;0.344444444444444
15;45;7;"PV3";3;0.877777777777778
15;46;7;"PV3";3;0.844444444444444
15;47;7;"PV3";3;0.788888888888889
15;48;7;"PV3";3;0.866666666666667
15;49;7;"PV3";3;0.833333333333333
15;50;7;"PV3";3;0.9
15;51;7;"PV3";3;0.911111111111111
15;52;7;"PV3";3;0.888888888888889
15;53;7;"PV3";3;0.833333333333333
15;54;7;"PV3";3;0.811111111111111
15;55;7;"PV3";3;0.855555555555556
15;56;7;"PV3";3;0.8
15;57;7;"PV3";3;0.766666666666667
15;58;7;"PV3";3;0.722222222222222
15;59;7;"PV3";3;0.911111111111111
15;60;7;"PV3";3;0.922222222222222
15;61;7;"PV3";3;0.888888888888889
15;62;7;"PV3";3;0.9
15;63;7;"PV3";3;0.877777777777778
15;64;7;"PV3";3;0.944444444444444
15;65;7;"PV3";3;0.1
15;66;7;"PV3";3;0.9
15;67;7;"PV3";3;0.822222222222222
15;68;7;"PV3";3;0.8
15;69;7;"PV3";3;0.877777777777778
15;70;7;"PV3";3;0.711111111111111
15;71;7;"PV3";3;0.833333333333333
15;72;7;"PV3";3;0.877777777777778
15;73;7;"PV3";3;0.877777777777778
15;74;7;"PV3";3;0.888888888888889
15;75;7;"PV3";3;0.9
15;76;7;"PV3";3;0.8
15;77;7;"PV3";3;0.855555555555556
15;78;7;"PV3";3;0.777777777777778
15;79;7;"PV3";3;0.877777777777778
15;80;7;"PV3";3;0.844444444444444
15;81;7;"PV3";3;0.911111111111111
15;82;7;"PV3";3;0.866666666666667
15;83;7;"PV3";3;0.877777777777778
15;84;7;"PV3";3;0.833333333333333
15;85;7;"PV3";3;0.844444444444444
15;86;7;"PV3";3;0.877777777777778
15;87;7;"PV3";3;0.611111111111111
15;88;7;"PV3";3;0.9
15;89;7;"PV3";3;0.855555555555556
15;90;7;"PV3";3;0.922222222222222
15;91;7;"PV3";3;0.833333333333333
15;92;7;"PV3";3;0.888888888888889
15;93;7;"PV3";3;0.933333333333333
15;94;7;"PV3";3;0.911111111111111
15;95;7;"PV3";3;0.922222222222222
15;96;7;"PV3";3;0.844444444444444
15;97;7;"PV3";3;0.477777777777778
15;98;7;"PV3";3;0.888888888888889
15;99;7;"PV3";3;0.688888888888889
15;100;7;"PV3";3;0.877777777777778
16;1;7;"PV4";3;0.822222222222222
16;2;7;"PV4";3;0.933333333333333
16;3;7;"PV4";3;0.744444444444444
16;4;7;"PV4";3;0.9
16;5;7;"PV4";3;0.866666666666667
16;6;7;"PV4";3;0.888888888888889
16;7;7;"PV4";3;0.733333333333333
16;8;7;"PV4";3;0.8
16;9;7;"PV4";3;0.744444444444444
16;10;7;"PV4";3;0.877777777777778
16;11;7;"PV4";3;0.922222222222222
16;12;7;"PV4";3;0.833333333333333
16;13;7;"PV4";3;0.911111111111111
16;14;7;"PV4";3;0.888888888888889
16;15;7;"PV4";3;0.844444444444444
16;16;7;"PV4";3;0.811111111111111
16;17;7;"PV4";3;0.844444444444444
16;18;7;"PV4";3;0.844444444444444
16;19;7;"PV4";3;0.822222222222222
16;20;7;"PV4";3;0.833333333333333
16;21;7;"PV4";3;0.8
16;22;7;"PV4";3;0.855555555555556
16;23;7;"PV4";3;0.877777777777778
16;24;7;"PV4";3;0.855555555555556
16;25;7;"PV4";3;0.611111111111111
16;26;7;"PV4";3;0.9
16;27;7;"PV4";3;0.822222222222222
16;28;7;"PV4";3;0.922222222222222
16;29;7;"PV4";3;0.911111111111111
16;30;7;"PV4";3;0.866666666666667
16;31;7;"PV4";3;0.911111111111111
16;32;7;"PV4";3;0.955555555555556
16;33;7;"PV4";3;0.766666666666667
16;34;7;"PV4";3;0.8
16;35;7;"PV4";3;0.8
16;36;7;"PV4";3;0.788888888888889
16;37;7;"PV4";3;0.777777777777778
16;38;7;"PV4";3;0.766666666666667
16;39;7;"PV4";3;0.766666666666667
16;40;7;"PV4";3;0.911111111111111
16;41;7;"PV4";3;0.822222222222222
16;42;7;"PV4";3;0.911111111111111
16;43;7;"PV4";3;0.844444444444444
16;44;7;"PV4";3;0.711111111111111
16;45;7;"PV4";3;0.755555555555556
16;46;7;"PV4";3;0.855555555555556
16;47;7;"PV4";3;0.911111111111111
16;48;7;"PV4";3;0.944444444444444
16;49;7;"PV4";3;0.944444444444444
16;50;7;"PV4";3;0.9
16;51;7;"PV4";3;0.888888888888889
16;52;7;"PV4";3;0.733333333333333
16;53;7;"PV4";3;0.888888888888889
16;54;7;"PV4";3;0.9
16;55;7;"PV4";3;0.777777777777778
16;56;7;"PV4";3;0.911111111111111
16;57;7;"PV4";3;0.744444444444444
16;58;7;"PV4";3;0.844444444444444
16;59;7;"PV4";3;0.944444444444444
16;60;7;"PV4";3;0.855555555555556
16;61;7;"PV4";3;0.777777777777778
16;62;7;"PV4";3;0.866666666666667
16;63;7;"PV4";3;0.888888888888889
16;64;7;"PV4";3;0.8
16;65;7;"PV4";3;0.755555555555556
16;66;7;"PV4";3;0.411111111111111
16;67;7;"PV4";3;0.866666666666667
16;68;7;"PV4";3;0.6
16;69;7;"PV4";3;0.688888888888889
16;70;7;"PV4";3;0.822222222222222
16;71;7;"PV4";3;0.888888888888889
16;72;7;"PV4";3;0.855555555555556
16;73;7;"PV4";3;0.877777777777778
16;74;7;"PV4";3;0.811111111111111
16;75;7;"PV4";3;0.788888888888889
16;76;7;"PV4";3;0.766666666666667
16;77;7;"PV4";3;0.833333333333333
16;78;7;"PV4";3;0.933333333333333
16;79;7;"PV4";3;0.888888888888889
16;80;7;"PV4";3;0.888888888888889
16;81;7;"PV4";3;0.944444444444444
16;82;7;"PV4";3;0.955555555555556
16;83;7;"PV4";3;0.844444444444444
16;84;7;"PV4";3;0.844444444444444
16;85;7;"PV4";3;0.811111111111111
16;86;7;"PV4";3;0.9
16;87;7;"PV4";3;0.877777777777778
16;88;7;"PV4";3;0.811111111111111
16;89;7;"PV4";3;0.866666666666667
16;90;7;"PV4";3;0.866666666666667
16;91;7;"PV4";3;0.711111111111111
16;92;7;"PV4";3;0.755555555555556
16;93;7;"PV4";3;0.766666666666667
16;94;7;"PV4";3;0.633333333333333
16;95;7;"PV4";3;0.866666666666667
16;96;7;"PV4";3;0.744444444444444
16;97;7;"PV4";3;0.822222222222222
16;98;7;"PV4";3;0.9
16;99;7;"PV4";3;0.644444444444444
16;100;7;"PV4";3;0.788888888888889
17;1;7;"VP1";3;0.888888888888889
17;2;7;"VP1";3;0.0666666666666667
17;3;7;"VP1";3;0.844444444444444
17;4;7;"VP1";3;0.888888888888889
17;5;7;"VP1";3;0.822222222222222
17;6;7;"VP1";3;0.944444444444444
17;7;7;"VP1";3;0.877777777777778
17;8;7;"VP1";3;0.9
17;9;7;"VP1";3;0.922222222222222
17;10;7;"VP1";3;0.911111111111111
17;11;7;"VP1";3;0.944444444444444
17;12;7;"VP1";3;0.922222222222222
17;13;7;"VP1";3;0.177777777777778
17;14;7;"VP1";3;0.944444444444444
17;15;7;"VP1";3;0.911111111111111
17;16;7;"VP1";3;0.933333333333333
17;17;7;"VP1";3;0.8
17;18;7;"VP1";3;0.944444444444444
17;19;7;"VP1";3;0.888888888888889
17;20;7;"VP1";3;0.855555555555556
17;21;7;"VP1";3;0.911111111111111
17;22;7;"VP1";3;0.888888888888889
17;23;7;"VP1";3;0.922222222222222
17;24;7;"VP1";3;0.922222222222222
17;25;7;"VP1";3;0.877777777777778
17;26;7;"VP1";3;0.788888888888889
17;27;7;"VP1";3;0.888888888888889
17;28;7;"VP1";3;0.9
17;29;7;"VP1";3;0.911111111111111
17;30;7;"VP1";3;0.866666666666667
17;31;7;"VP1";3;0.9
17;32;7;"VP1";3;0.844444444444444
17;33;7;"VP1";3;0.866666666666667
17;34;7;"VP1";3;0.933333333333333
17;35;7;"VP1";3;0.877777777777778
17;36;7;"VP1";3;0.944444444444444
17;37;7;"VP1";3;0.0222222222222222
17;38;7;"VP1";3;0.944444444444444
17;39;7;"VP1";3;0.9
17;40;7;"VP1";3;0.933333333333333
17;41;7;"VP1";3;0.888888888888889
17;42;7;"VP1";3;0.888888888888889
17;43;7;"VP1";3;0.933333333333333
17;44;7;"VP1";3;0.866666666666667
17;45;7;"VP1";3;0.711111111111111
17;46;7;"VP1";3;0.833333333333333
17;47;7;"VP1";3;0.888888888888889
17;48;7;"VP1";3;0.877777777777778
17;49;7;"VP1";3;0.955555555555556
17;50;7;"VP1";3;0.877777777777778
17;51;7;"VP1";3;0.811111111111111
17;52;7;"VP1";3;0.877777777777778
17;53;7;"VP1";3;0.933333333333333
17;54;7;"VP1";3;0.888888888888889
17;55;7;"VP1";3;0.9
17;56;7;"VP1";3;0.811111111111111
17;57;7;"VP1";3;0.922222222222222
17;58;7;"VP1";3;0.666666666666667
17;59;7;"VP1";3;0.944444444444444
17;60;7;"VP1";3;0.955555555555556
17;61;7;"VP1";3;0.911111111111111
17;62;7;"VP1";3;0.933333333333333
17;63;7;"VP1";3;0.4
17;64;7;"VP1";3;0.766666666666667
17;65;7;"VP1";3;0.877777777777778
17;66;7;"VP1";3;0.888888888888889
17;67;7;"VP1";3;0.9
17;68;7;"VP1";3;0.644444444444444
17;69;7;"VP1";3;0.0222222222222222
17;70;7;"VP1";3;0.711111111111111
17;71;7;"VP1";3;0.944444444444444
17;72;7;"VP1";3;0.888888888888889
17;73;7;"VP1";3;0.855555555555556
17;74;7;"VP1";3;0.922222222222222
17;75;7;"VP1";3;0.855555555555556
17;76;7;"VP1";3;0.933333333333333
17;77;7;"VP1";3;0.844444444444444
17;78;7;"VP1";3;0.7
17;79;7;"VP1";3;0.955555555555556
17;80;7;"VP1";3;0.788888888888889
17;81;7;"VP1";3;0.855555555555556
17;82;7;"VP1";3;0.511111111111111
17;83;7;"VP1";3;0.922222222222222
17;84;7;"VP1";3;0.8
17;85;7;"VP1";3;0.855555555555556
17;86;7;"VP1";3;0.922222222222222
17;87;7;"VP1";3;0.755555555555556
17;88;7;"VP1";3;0.911111111111111
17;89;7;"VP1";3;0.866666666666667
17;90;7;"VP1";3;0.955555555555556
17;91;7;"VP1";3;0.9
17;92;7;"VP1";3;0.977777777777778
17;93;7;"VP1";3;0.877777777777778
17;94;7;"VP1";3;0.9
17;95;7;"VP1";3;0.888888888888889
17;96;7;"VP1";3;0.922222222222222
17;97;7;"VP1";3;0.877777777777778
17;98;7;"VP1";3;0.9
17;99;7;"VP1";3;0.855555555555556
17;100;7;"VP1";3;0.944444444444444
18;1;7;"VP2";3;0.833333333333333
18;2;7;"VP2";3;0.855555555555556
18;3;7;"VP2";3;0.777777777777778
18;4;7;"VP2";3;0.866666666666667
18;5;7;"VP2";3;0.9
18;6;7;"VP2";3;0.911111111111111
18;7;7;"VP2";3;0.888888888888889
18;8;7;"VP2";3;0.0222222222222222
18;9;7;"VP2";3;0.877777777777778
18;10;7;"VP2";3;0.833333333333333
18;11;7;"VP2";3;0.955555555555556
18;12;7;"VP2";3;0.822222222222222
18;13;7;"VP2";3;0.9
18;14;7;"VP2";3;0.911111111111111
18;15;7;"VP2";3;0.855555555555556
18;16;7;"VP2";3;0.844444444444444
18;17;7;"VP2";3;0.866666666666667
18;18;7;"VP2";3;0.888888888888889
18;19;7;"VP2";3;0.911111111111111
18;20;7;"VP2";3;0.866666666666667
18;21;7;"VP2";3;0.888888888888889
18;22;7;"VP2";3;0.811111111111111
18;23;7;"VP2";3;0.933333333333333
18;24;7;"VP2";3;0.877777777777778
18;25;7;"VP2";3;0.877777777777778
18;26;7;"VP2";3;0.922222222222222
18;27;7;"VP2";3;0.911111111111111
18;28;7;"VP2";3;0.844444444444444
18;29;7;"VP2";3;0.9
18;30;7;"VP2";3;0.866666666666667
18;31;7;"VP2";3;0.911111111111111
18;32;7;"VP2";3;0.855555555555556
18;33;7;"VP2";3;0.888888888888889
18;34;7;"VP2";3;0.844444444444444
18;35;7;"VP2";3;0.933333333333333
18;36;7;"VP2";3;0.822222222222222
18;37;7;"VP2";3;0.866666666666667
18;38;7;"VP2";3;0.844444444444444
18;39;7;"VP2";3;0.9
18;40;7;"VP2";3;0.866666666666667
18;41;7;"VP2";3;0.933333333333333
18;42;7;"VP2";3;0.944444444444444
18;43;7;"VP2";3;0.833333333333333
18;44;7;"VP2";3;0.744444444444444
18;45;7;"VP2";3;0.844444444444444
18;46;7;"VP2";3;0.911111111111111
18;47;7;"VP2";3;0.8
18;48;7;"VP2";3;0.9
18;49;7;"VP2";3;0.866666666666667
18;50;7;"VP2";3;0.855555555555556
18;51;7;"VP2";3;0.9
18;52;7;"VP2";3;0.855555555555556
18;53;7;"VP2";3;0.944444444444444
18;54;7;"VP2";3;0.844444444444444
18;55;7;"VP2";3;0.933333333333333
18;56;7;"VP2";3;0.9
18;57;7;"VP2";3;0.888888888888889
18;58;7;"VP2";3;0.888888888888889
18;59;7;"VP2";3;0.911111111111111
18;60;7;"VP2";3;0.8
18;61;7;"VP2";3;0.777777777777778
18;62;7;"VP2";3;0.844444444444444
18;63;7;"VP2";3;0.911111111111111
18;64;7;"VP2";3;0.877777777777778
18;65;7;"VP2";3;0.866666666666667
18;66;7;"VP2";3;0.388888888888889
18;67;7;"VP2";3;0.922222222222222
18;68;7;"VP2";3;0.844444444444444
18;69;7;"VP2";3;0.855555555555556
18;70;7;"VP2";3;0.933333333333333
18;71;7;"VP2";3;0.833333333333333
18;72;7;"VP2";3;0.833333333333333
18;73;7;"VP2";3;0.911111111111111
18;74;7;"VP2";3;0.866666666666667
18;75;7;"VP2";3;0.822222222222222
18;76;7;"VP2";3;0.866666666666667
18;77;7;"VP2";3;0.911111111111111
18;78;7;"VP2";3;0.855555555555556
18;79;7;"VP2";3;0.922222222222222
18;80;7;"VP2";3;0.966666666666667
18;81;7;"VP2";3;0.944444444444444
18;82;7;"VP2";3;0.9
18;83;7;"VP2";3;0.788888888888889
18;84;7;"VP2";3;0.866666666666667
18;85;7;"VP2";3;0.877777777777778
18;86;7;"VP2";3;0.888888888888889
18;87;7;"VP2";3;0.811111111111111
18;88;7;"VP2";3;0.966666666666667
18;89;7;"VP2";3;0.9
18;90;7;"VP2";3;0.9
18;91;7;"VP2";3;0.922222222222222
18;92;7;"VP2";3;0.911111111111111
18;93;7;"VP2";3;0.855555555555556
18;94;7;"VP2";3;0.844444444444444
18;95;7;"VP2";3;0.855555555555556
18;96;7;"VP2";3;0.9
18;97;7;"VP2";3;0.877777777777778
18;98;7;"VP2";3;0.833333333333333
18;99;7;"VP2";3;0.866666666666667
18;100;7;"VP2";3;0.944444444444444
19;1;7;"VP3";3;0.888888888888889
19;2;7;"VP3";3;0.844444444444444
19;3;7;"VP3";3;0.9
19;4;7;"VP3";3;0.822222222222222
19;5;7;"VP3";3;0.866666666666667
19;6;7;"VP3";3;0.866666666666667
19;7;7;"VP3";3;0.844444444444444
19;8;7;"VP3";3;0.788888888888889
19;9;7;"VP3";3;0.777777777777778
19;10;7;"VP3";3;0.844444444444444
19;11;7;"VP3";3;0.888888888888889
19;12;7;"VP3";3;0.888888888888889
19;13;7;"VP3";3;0.855555555555556
19;14;7;"VP3";3;0.866666666666667
19;15;7;"VP3";3;0.8
19;16;7;"VP3";3;0.811111111111111
19;17;7;"VP3";3;0.9
19;18;7;"VP3";3;0.9
19;19;7;"VP3";3;0.944444444444444
19;20;7;"VP3";3;0.866666666666667
19;21;7;"VP3";3;0.833333333333333
19;22;7;"VP3";3;0.811111111111111
19;23;7;"VP3";3;0.855555555555556
19;24;7;"VP3";3;0.911111111111111
19;25;7;"VP3";3;0.877777777777778
19;26;7;"VP3";3;0.866666666666667
19;27;7;"VP3";3;0.9
19;28;7;"VP3";3;0.866666666666667
19;29;7;"VP3";3;0.844444444444444
19;30;7;"VP3";3;0.788888888888889
19;31;7;"VP3";3;0.922222222222222
19;32;7;"VP3";3;0.922222222222222
19;33;7;"VP3";3;0.822222222222222
19;34;7;"VP3";3;0.9
19;35;7;"VP3";3;0.866666666666667
19;36;7;"VP3";3;0.9
19;37;7;"VP3";3;0.944444444444444
19;38;7;"VP3";3;0.866666666666667
19;39;7;"VP3";3;0.822222222222222
19;40;7;"VP3";3;0.911111111111111
19;41;7;"VP3";3;0.877777777777778
19;42;7;"VP3";3;0.844444444444444
19;43;7;"VP3";3;0.922222222222222
19;44;7;"VP3";3;0.777777777777778
19;45;7;"VP3";3;0.911111111111111
19;46;7;"VP3";3;0.922222222222222
19;47;7;"VP3";3;0.855555555555556
19;48;7;"VP3";3;0.822222222222222
19;49;7;"VP3";3;0.9
19;50;7;"VP3";3;0.888888888888889
19;51;7;"VP3";3;0.866666666666667
19;52;7;"VP3";3;0.888888888888889
19;53;7;"VP3";3;0.844444444444444
19;54;7;"VP3";3;0.877777777777778
19;55;7;"VP3";3;0.877777777777778
19;56;7;"VP3";3;0.877777777777778
19;57;7;"VP3";3;0.944444444444444
19;58;7;"VP3";3;0.844444444444444
19;59;7;"VP3";3;0.855555555555556
19;60;7;"VP3";3;0.866666666666667
19;61;7;"VP3";3;0.888888888888889
19;62;7;"VP3";3;0.811111111111111
19;63;7;"VP3";3;0.922222222222222
19;64;7;"VP3";3;0.922222222222222
19;65;7;"VP3";3;0.922222222222222
19;66;7;"VP3";3;0.844444444444444
19;67;7;"VP3";3;0.733333333333333
19;68;7;"VP3";3;0.9
19;69;7;"VP3";3;0.855555555555556
19;70;7;"VP3";3;0.911111111111111
19;71;7;"VP3";3;0.9
19;72;7;"VP3";3;0.833333333333333
19;73;7;"VP3";3;0.844444444444444
19;74;7;"VP3";3;0.888888888888889
19;75;7;"VP3";3;0.866666666666667
19;76;7;"VP3";3;0.855555555555556
19;77;7;"VP3";3;0.888888888888889
19;78;7;"VP3";3;0.833333333333333
19;79;7;"VP3";3;0.877777777777778
19;80;7;"VP3";3;0.833333333333333
19;81;7;"VP3";3;0.922222222222222
19;82;7;"VP3";3;0.877777777777778
19;83;7;"VP3";3;0.866666666666667
19;84;7;"VP3";3;0.888888888888889
19;85;7;"VP3";3;0.811111111111111
19;86;7;"VP3";3;0.833333333333333
19;87;7;"VP3";3;0.9
19;88;7;"VP3";3;0.933333333333333
19;89;7;"VP3";3;0.855555555555556
19;90;7;"VP3";3;0.933333333333333
19;91;7;"VP3";3;0.844444444444444
19;92;7;"VP3";3;0.9
19;93;7;"VP3";3;0.877777777777778
19;94;7;"VP3";3;0.844444444444444
19;95;7;"VP3";3;0.855555555555556
19;96;7;"VP3";3;0.844444444444444
19;97;7;"VP3";3;0.855555555555556
19;98;7;"VP3";3;0.911111111111111
19;99;7;"VP3";3;0.844444444444444
19;100;7;"VP3";3;0.822222222222222
20;1;7;"VP4";3;0.866666666666667
20;2;7;"VP4";3;0.888888888888889
20;3;7;"VP4";3;0.877777777777778
20;4;7;"VP4";3;0.811111111111111
20;5;7;"VP4";3;0.755555555555556
20;6;7;"VP4";3;0.855555555555556
20;7;7;"VP4";3;0.822222222222222
20;8;7;"VP4";3;0.877777777777778
20;9;7;"VP4";3;0.933333333333333
20;10;7;"VP4";3;0.888888888888889
20;11;7;"VP4";3;0.888888888888889
20;12;7;"VP4";3;0.922222222222222
20;13;7;"VP4";3;0.911111111111111
20;14;7;"VP4";3;0.888888888888889
20;15;7;"VP4";3;0.9
20;16;7;"VP4";3;0.833333333333333
20;17;7;"VP4";3;0.944444444444444
20;18;7;"VP4";3;0.855555555555556
20;19;7;"VP4";3;0.811111111111111
20;20;7;"VP4";3;0.833333333333333
20;21;7;"VP4";3;0.866666666666667
20;22;7;"VP4";3;0.933333333333333
20;23;7;"VP4";3;0.844444444444444
20;24;7;"VP4";3;0.855555555555556
20;25;7;"VP4";3;0.888888888888889
20;26;7;"VP4";3;0.855555555555556
20;27;7;"VP4";3;0.844444444444444
20;28;7;"VP4";3;0.944444444444444
20;29;7;"VP4";3;0.9
20;30;7;"VP4";3;0.933333333333333
20;31;7;"VP4";3;0.911111111111111
20;32;7;"VP4";3;0.844444444444444
20;33;7;"VP4";3;0.877777777777778
20;34;7;"VP4";3;0.877777777777778
20;35;7;"VP4";3;0.888888888888889
20;36;7;"VP4";3;0.844444444444444
20;37;7;"VP4";3;0.877777777777778
20;38;7;"VP4";3;0.911111111111111
20;39;7;"VP4";3;0.955555555555556
20;40;7;"VP4";3;0.844444444444444
20;41;7;"VP4";3;0.866666666666667
20;42;7;"VP4";3;0.866666666666667
20;43;7;"VP4";3;0.855555555555556
20;44;7;"VP4";3;0.9
20;45;7;"VP4";3;0.811111111111111
20;46;7;"VP4";3;0.922222222222222
20;47;7;"VP4";3;0.911111111111111
20;48;7;"VP4";3;0.944444444444444
20;49;7;"VP4";3;0.8
20;50;7;"VP4";3;0.855555555555556
20;51;7;"VP4";3;0.877777777777778
20;52;7;"VP4";3;0
20;53;7;"VP4";3;0.911111111111111
20;54;7;"VP4";3;0.844444444444444
20;55;7;"VP4";3;0.933333333333333
20;56;7;"VP4";3;0.922222222222222
20;57;7;"VP4";3;0.877777777777778
20;58;7;"VP4";3;0.888888888888889
20;59;7;"VP4";3;0.9
20;60;7;"VP4";3;0.9
20;61;7;"VP4";3;0.877777777777778
20;62;7;"VP4";3;0.9
20;63;7;"VP4";3;0.888888888888889
20;64;7;"VP4";3;0.877777777777778
20;65;7;"VP4";3;0.866666666666667
20;66;7;"VP4";3;0.911111111111111
20;67;7;"VP4";3;0.855555555555556
20;68;7;"VP4";3;0.844444444444444
20;69;7;"VP4";3;0.844444444444444
20;70;7;"VP4";3;0.844444444444444
20;71;7;"VP4";3;0.833333333333333
20;72;7;"VP4";3;0.844444444444444
20;73;7;"VP4";3;0.8
20;74;7;"VP4";3;0.933333333333333
20;75;7;"VP4";3;0.855555555555556
20;76;7;"VP4";3;0.811111111111111
20;77;7;"VP4";3;0.888888888888889
20;78;7;"VP4";3;0.788888888888889
20;79;7;"VP4";3;0.855555555555556
20;80;7;"VP4";3;0.911111111111111
20;81;7;"VP4";3;0.9
20;82;7;"VP4";3;0.866666666666667
20;83;7;"VP4";3;0.8
20;84;7;"VP4";3;0.922222222222222
20;85;7;"VP4";3;0.911111111111111
20;86;7;"VP4";3;0.777777777777778
20;87;7;"VP4";3;0.855555555555556
20;88;7;"VP4";3;0.833333333333333
20;89;7;"VP4";3;0.9
20;90;7;"VP4";3;0.9
20;91;7;"VP4";3;0.855555555555556
20;92;7;"VP4";3;0.811111111111111
20;93;7;"VP4";3;0.944444444444444
20;94;7;"VP4";3;0.911111111111111
20;95;7;"VP4";3;0.822222222222222
20;96;7;"VP4";3;0.922222222222222
20;97;7;"VP4";3;0.866666666666667
20;98;7;"VP4";3;0.866666666666667
20;99;7;"VP4";3;0.844444444444444
20;100;7;"VP4";3;0.788888888888889
